{
  "Heron Creek Loop Trail": [
    [
      45.3815694,
      -122.6361778
    ],
    [
      45.3799944,
      -122.6353694
    ],
    [
      45.3797389,
      -122.6339417
    ],
    [
      45.38165,
      -122.6289361
    ],
    [
      45.3832778,
      -122.6284722
    ],
    [
      45.3833806,
      -122.6291361
    ]
  ],
  "Riverside Loop Trail": [
    [
      45.3814806,
      -122.6248167
    ],
    [
      45.381275,
      -122.6240472
    ],
    [
      45.3815806,
      -122.6242139
    ],
    [
      45.3833667,
      -122.6244056
    ],
    [
      45.3835639,
      -122.6252444
    ],
    [
      45.3846444,
      -122.6251917
    ]
  ],
  "G Street Siding": [
    [
      45.4364444,
      -122.7327806
    ],
    [
      45.4372444,
      -122.7335361
    ]
  ],
  "PCC South Woods": [
    [
      45.4363722,
      -122.7332306
    ],
    [
      45.4358417,
      -122.7328194
    ],
    [
      45.4354639,
      -122.7325361
    ],
    [
      45.4351694,
      -122.7320111
    ],
    [
      45.4345861,
      -122.7308583
    ],
    [
      45.4344889,
      -122.7303389
    ],
    [
      45.4353222,
      -122.7300639
    ],
    [
      45.4354778,
      -122.7292778
    ]
  ],
  "New Trail": [
    [
      45.38714860885907,
      -122.64063835144044
    ],
    [
      45.380095410493524,
      -122.64214038848878
    ],
    [
      45.383983820995105,
      -122.64347076416017
    ],
    [
      45.37786472872373,
      -122.63819217681886
    ]
  ]
}